ID,Low_inc,SURG,rx ds,A,B,C,D,E,F,H,I,J,K,L,M,N,R,S,T,V,prediction,prediction_proba
101,1,0,450,1,0,1,1,1,0,1,1,0,1,1,0,1,1,0,0,0,0,0.05555555555555555
102,1,1,378,0,1,0,1,0,0,1,0,1,1,1,0,1,1,1,1,1,0,0.0
103,1,0,512,1,1,1,0,0,1,0,1,1,1,0,1,0,1,1,0,0,0,0.23809523809523808
